caminho,nome_do_arquivo,tipo,modulo_relacionado,finalidade,publico,status,observacoes
00_RELATORIOS_DE_PRODUCAO/CHECKLIST_FINAL_DE_QUALIDADE.md,CHECKLIST_FINAL_DE_QUALIDADE.md,md,Geral,"fonte textual, guia ou relatório","usuário iniciante/intermediário, estudante, projetista, consultor ou equipe técnica",criado,Material educacional e preliminar.
00_RELATORIOS_DE_PRODUCAO/INVENTARIO_EXPANSAO_PREMIUM.csv,INVENTARIO_EXPANSAO_PREMIUM.csv,csv,Geral,inventário ou aba principal em CSV,"usuário iniciante/intermediário, estudante, projetista, consultor ou equipe técnica",criado,Material educacional e preliminar.
00_RELATORIOS_DE_PRODUCAO/RELATORIO_ARQUIVOS_CRIADOS.md,RELATORIO_ARQUIVOS_CRIADOS.md,md,Geral,"fonte textual, guia ou relatório","usuário iniciante/intermediário, estudante, projetista, consultor ou equipe técnica",criado,Material educacional e preliminar.
00_RELATORIOS_DE_PRODUCAO/RELATORIO_DECISOES_EDITORIAIS.md,RELATORIO_DECISOES_EDITORIAIS.md,md,Geral,"fonte textual, guia ou relatório","usuário iniciante/intermediário, estudante, projetista, consultor ou equipe técnica",criado,Material educacional e preliminar.
00_RELATORIOS_DE_PRODUCAO/RELATORIO_LIMITES_TECNICOS_E_VALIDACOES.md,RELATORIO_LIMITES_TECNICOS_E_VALIDACOES.md,md,Geral,"fonte textual, guia ou relatório","usuário iniciante/intermediário, estudante, projetista, consultor ou equipe técnica",criado,Material educacional e preliminar.
01_PLANILHAS_EDITAVEIS/CSV/ATIVIDADES_PLANEJAMENTO.csv,ATIVIDADES_PLANEJAMENTO.csv,csv,12,inventário ou aba principal em CSV,"usuário iniciante/intermediário, estudante, projetista, consultor ou equipe técnica",criado,Material educacional e preliminar.
01_PLANILHAS_EDITAVEIS/CSV/PENDENCIAS_GERAIS.csv,PENDENCIAS_GERAIS.csv,csv,Geral,inventário ou aba principal em CSV,"usuário iniciante/intermediário, estudante, projetista, consultor ou equipe técnica",criado,Material educacional e preliminar.
01_PLANILHAS_EDITAVEIS/CSV/QUANTITATIVOS.csv,QUANTITATIVOS.csv,csv,11,inventário ou aba principal em CSV,"usuário iniciante/intermediário, estudante, projetista, consultor ou equipe técnica",criado,Material educacional e preliminar.
01_PLANILHAS_EDITAVEIS/CSV/REGISTROS_DE_CAMPO.csv,REGISTROS_DE_CAMPO.csv,csv,13,inventário ou aba principal em CSV,"usuário iniciante/intermediário, estudante, projetista, consultor ou equipe técnica",criado,Material educacional e preliminar.
01_PLANILHAS_EDITAVEIS/PLANILHA_CONTROLE_DE_PENDENCIAS_E_VALIDACOES.xlsx,PLANILHA_CONTROLE_DE_PENDENCIAS_E_VALIDACOES.xlsx,xlsx,Geral,planilha editável,"usuário iniciante/intermediário, estudante, projetista, consultor ou equipe técnica",criado,Material educacional e preliminar.
01_PLANILHAS_EDITAVEIS/PLANILHA_PLANEJAMENTO_DE_OBRA_PRELIMINAR.xlsx,PLANILHA_PLANEJAMENTO_DE_OBRA_PRELIMINAR.xlsx,xlsx,12,planilha editável,"usuário iniciante/intermediário, estudante, projetista, consultor ou equipe técnica",criado,Material educacional e preliminar.
01_PLANILHAS_EDITAVEIS/PLANILHA_QUANTITATIVOS_E_ORCAMENTO_PRELIMINAR.xlsx,PLANILHA_QUANTITATIVOS_E_ORCAMENTO_PRELIMINAR.xlsx,xlsx,11,planilha editável,"usuário iniciante/intermediário, estudante, projetista, consultor ou equipe técnica",criado,Material educacional e preliminar.
01_PLANILHAS_EDITAVEIS/PLANILHA_VISTORIAS_E_REGISTROS_TECNICOS.xlsx,PLANILHA_VISTORIAS_E_REGISTROS_TECNICOS.xlsx,xlsx,13,planilha editável,"usuário iniciante/intermediário, estudante, projetista, consultor ou equipe técnica",criado,Material educacional e preliminar.
02_PDFS_DIAGRAMADOS/GUIA_COMPATIBILIZACAO_TECNICA_COM_IA.pdf,GUIA_COMPATIBILIZACAO_TECNICA_COM_IA.pdf,pdf,10,guia diagramado em PDF,"usuário iniciante/intermediário, estudante, projetista, consultor ou equipe técnica",criado,Material educacional e preliminar.
02_PDFS_DIAGRAMADOS/GUIA_GERAL_MODULOS_IA_10_A_14.pdf,GUIA_GERAL_MODULOS_IA_10_A_14.pdf,pdf,Geral,guia diagramado em PDF,"usuário iniciante/intermediário, estudante, projetista, consultor ou equipe técnica",criado,Material educacional e preliminar.
02_PDFS_DIAGRAMADOS/GUIA_ORCAMENTO_E_QUANTITATIVOS_COM_IA.pdf,GUIA_ORCAMENTO_E_QUANTITATIVOS_COM_IA.pdf,pdf,11,guia diagramado em PDF,"usuário iniciante/intermediário, estudante, projetista, consultor ou equipe técnica",criado,Material educacional e preliminar.
02_PDFS_DIAGRAMADOS/GUIA_PLANEJAMENTO_DE_OBRA_COM_IA.pdf,GUIA_PLANEJAMENTO_DE_OBRA_COM_IA.pdf,pdf,12,guia diagramado em PDF,"usuário iniciante/intermediário, estudante, projetista, consultor ou equipe técnica",criado,Material educacional e preliminar.
02_PDFS_DIAGRAMADOS/GUIA_SEGURANCA_DO_TRABALHO_EM_OBRAS_COM_IA.pdf,GUIA_SEGURANCA_DO_TRABALHO_EM_OBRAS_COM_IA.pdf,pdf,14,guia diagramado em PDF,"usuário iniciante/intermediário, estudante, projetista, consultor ou equipe técnica",criado,Material educacional e preliminar.
02_PDFS_DIAGRAMADOS/GUIA_VISTORIAS_E_RELATORIOS_TECNICOS_COM_IA.pdf,GUIA_VISTORIAS_E_RELATORIOS_TECNICOS_COM_IA.pdf,pdf,13,guia diagramado em PDF,"usuário iniciante/intermediário, estudante, projetista, consultor ou equipe técnica",criado,Material educacional e preliminar.
03_PRANCHAS_CONCEITUAIS/MD/01_FLUXO_DE_COMPATIBILIZACAO_TECNICA_COM_IA.md,01_FLUXO_DE_COMPATIBILIZACAO_TECNICA_COM_IA.md,md,10,"fonte textual, guia ou relatório","usuário iniciante/intermediário, estudante, projetista, consultor ou equipe técnica",criado,Material educacional e preliminar.
03_PRANCHAS_CONCEITUAIS/MD/02_MATRIZ_DE_INTERFERENCIAS_ENTRE_DISCIPLINAS.md,02_MATRIZ_DE_INTERFERENCIAS_ENTRE_DISCIPLINAS.md,md,10,"fonte textual, guia ou relatório","usuário iniciante/intermediário, estudante, projetista, consultor ou equipe técnica",criado,Material educacional e preliminar.
03_PRANCHAS_CONCEITUAIS/MD/03_CHECKLIST_VISUAL_DE_CONFLITOS_COMUNS.md,03_CHECKLIST_VISUAL_DE_CONFLITOS_COMUNS.md,md,10,"fonte textual, guia ou relatório","usuário iniciante/intermediário, estudante, projetista, consultor ou equipe técnica",criado,Material educacional e preliminar.
03_PRANCHAS_CONCEITUAIS/MD/04_MAPA_DE_PERGUNTAS_PARA_COMPATIBILIZACAO.md,04_MAPA_DE_PERGUNTAS_PARA_COMPATIBILIZACAO.md,md,10,"fonte textual, guia ou relatório","usuário iniciante/intermediário, estudante, projetista, consultor ou equipe técnica",criado,Material educacional e preliminar.
03_PRANCHAS_CONCEITUAIS/MD/05_FLUXO_DE_LEVANTAMENTO_DE_QUANTITATIVOS.md,05_FLUXO_DE_LEVANTAMENTO_DE_QUANTITATIVOS.md,md,11,"fonte textual, guia ou relatório","usuário iniciante/intermediário, estudante, projetista, consultor ou equipe técnica",criado,Material educacional e preliminar.
03_PRANCHAS_CONCEITUAIS/MD/06_QUANTIDADE_INFORMADA_ESTIMADA_E_VALIDADA.md,06_QUANTIDADE_INFORMADA_ESTIMADA_E_VALIDADA.md,md,11,"fonte textual, guia ou relatório","usuário iniciante/intermediário, estudante, projetista, consultor ou equipe técnica",criado,Material educacional e preliminar.
03_PRANCHAS_CONCEITUAIS/MD/07_MAPA_DE_CRITERIOS_DE_MEDICAO.md,07_MAPA_DE_CRITERIOS_DE_MEDICAO.md,md,11,"fonte textual, guia ou relatório","usuário iniciante/intermediário, estudante, projetista, consultor ou equipe técnica",criado,Material educacional e preliminar.
03_PRANCHAS_CONCEITUAIS/MD/08_ESTRUTURA_DE_ORCAMENTO_PRELIMINAR_COM_IA.md,08_ESTRUTURA_DE_ORCAMENTO_PRELIMINAR_COM_IA.md,md,11,"fonte textual, guia ou relatório","usuário iniciante/intermediário, estudante, projetista, consultor ou equipe técnica",criado,Material educacional e preliminar.
03_PRANCHAS_CONCEITUAIS/MD/09_FLUXO_DE_CRIACAO_DE_EAP.md,09_FLUXO_DE_CRIACAO_DE_EAP.md,md,12,"fonte textual, guia ou relatório","usuário iniciante/intermediário, estudante, projetista, consultor ou equipe técnica",criado,Material educacional e preliminar.
03_PRANCHAS_CONCEITUAIS/MD/10_ATIVIDADES_DEPENDENCIAS_E_MARCOS.md,10_ATIVIDADES_DEPENDENCIAS_E_MARCOS.md,md,12,"fonte textual, guia ou relatório","usuário iniciante/intermediário, estudante, projetista, consultor ou equipe técnica",criado,Material educacional e preliminar.
03_PRANCHAS_CONCEITUAIS/MD/11_MAPA_DE_RISCOS_DE_PLANEJAMENTO.md,11_MAPA_DE_RISCOS_DE_PLANEJAMENTO.md,md,12,"fonte textual, guia ou relatório","usuário iniciante/intermediário, estudante, projetista, consultor ou equipe técnica",criado,Material educacional e preliminar.
03_PRANCHAS_CONCEITUAIS/MD/12_CRONOGRAMA_PRELIMINAR_LIMITES.md,12_CRONOGRAMA_PRELIMINAR_LIMITES.md,md,12,"fonte textual, guia ou relatório","usuário iniciante/intermediário, estudante, projetista, consultor ou equipe técnica",criado,Material educacional e preliminar.
03_PRANCHAS_CONCEITUAIS/MD/13_FLUXO_DE_VISTORIA_ASSISTIDA_POR_IA.md,13_FLUXO_DE_VISTORIA_ASSISTIDA_POR_IA.md,md,13,"fonte textual, guia ou relatório","usuário iniciante/intermediário, estudante, projetista, consultor ou equipe técnica",criado,Material educacional e preliminar.
03_PRANCHAS_CONCEITUAIS/MD/14_MAPA_DE_REGISTRO_FOTOGRAFICO_TECNICO.md,14_MAPA_DE_REGISTRO_FOTOGRAFICO_TECNICO.md,md,13,"fonte textual, guia ou relatório","usuário iniciante/intermediário, estudante, projetista, consultor ou equipe técnica",criado,Material educacional e preliminar.
03_PRANCHAS_CONCEITUAIS/MD/15_CLASSIFICACAO_PRELIMINAR_DE_ACHADOS.md,15_CLASSIFICACAO_PRELIMINAR_DE_ACHADOS.md,md,13,"fonte textual, guia ou relatório","usuário iniciante/intermediário, estudante, projetista, consultor ou equipe técnica",criado,Material educacional e preliminar.
03_PRANCHAS_CONCEITUAIS/MD/16_ESTRUTURA_SEGURA_DE_RELATORIO_PRELIMINAR.md,16_ESTRUTURA_SEGURA_DE_RELATORIO_PRELIMINAR.md,md,13,"fonte textual, guia ou relatório","usuário iniciante/intermediário, estudante, projetista, consultor ou equipe técnica",criado,Material educacional e preliminar.
03_PRANCHAS_CONCEITUAIS/MD/17_FLUXO_DE_IDENTIFICACAO_PRELIMINAR_DE_RISCOS.md,17_FLUXO_DE_IDENTIFICACAO_PRELIMINAR_DE_RISCOS.md,md,14,"fonte textual, guia ou relatório","usuário iniciante/intermediário, estudante, projetista, consultor ou equipe técnica",criado,Material educacional e preliminar.
03_PRANCHAS_CONCEITUAIS/MD/18_MAPA_VISUAL_DE_EPI_EPC_E_SINALIZACAO.md,18_MAPA_VISUAL_DE_EPI_EPC_E_SINALIZACAO.md,md,14,"fonte textual, guia ou relatório","usuário iniciante/intermediário, estudante, projetista, consultor ou equipe técnica",criado,Material educacional e preliminar.
03_PRANCHAS_CONCEITUAIS/MD/19_ESTRUTURA_DE_DDS_COM_APOIO_DE_IA.md,19_ESTRUTURA_DE_DDS_COM_APOIO_DE_IA.md,md,14,"fonte textual, guia ou relatório","usuário iniciante/intermediário, estudante, projetista, consultor ou equipe técnica",criado,Material educacional e preliminar.
03_PRANCHAS_CONCEITUAIS/MD/20_LIMITES_DA_IA_EM_SEGURANCA_DO_TRABALHO.md,20_LIMITES_DA_IA_EM_SEGURANCA_DO_TRABALHO.md,md,14,"fonte textual, guia ou relatório","usuário iniciante/intermediário, estudante, projetista, consultor ou equipe técnica",criado,Material educacional e preliminar.
03_PRANCHAS_CONCEITUAIS/MD/21_COMO_USAR_IA_EM_OBRAS_COM_SEGURANCA.md,21_COMO_USAR_IA_EM_OBRAS_COM_SEGURANCA.md,md,14,"fonte textual, guia ou relatório","usuário iniciante/intermediário, estudante, projetista, consultor ou equipe técnica",criado,Material educacional e preliminar.
03_PRANCHAS_CONCEITUAIS/MD/22_APOIO_DA_IA_X_VALIDACAO_PROFISSIONAL.md,22_APOIO_DA_IA_X_VALIDACAO_PROFISSIONAL.md,md,Geral,"fonte textual, guia ou relatório","usuário iniciante/intermediário, estudante, projetista, consultor ou equipe técnica",criado,Material educacional e preliminar.
03_PRANCHAS_CONCEITUAIS/MD/23_FLUXO_GERAL_DOS_MODULOS_IA_10_A_14.md,23_FLUXO_GERAL_DOS_MODULOS_IA_10_A_14.md,md,Geral,"fonte textual, guia ou relatório","usuário iniciante/intermediário, estudante, projetista, consultor ou equipe técnica",criado,Material educacional e preliminar.
03_PRANCHAS_CONCEITUAIS/MD/24_JORNADA_DO_USUARIO_NO_PACOTE_COMPLETO.md,24_JORNADA_DO_USUARIO_NO_PACOTE_COMPLETO.md,md,Geral,"fonte textual, guia ou relatório","usuário iniciante/intermediário, estudante, projetista, consultor ou equipe técnica",criado,Material educacional e preliminar.
03_PRANCHAS_CONCEITUAIS/PDF/01_FLUXO_DE_COMPATIBILIZACAO_TECNICA_COM_IA.pdf,01_FLUXO_DE_COMPATIBILIZACAO_TECNICA_COM_IA.pdf,pdf,10,prancha conceitual em PDF,"usuário iniciante/intermediário, estudante, projetista, consultor ou equipe técnica",criado,Material educacional e preliminar.
03_PRANCHAS_CONCEITUAIS/PDF/02_MATRIZ_DE_INTERFERENCIAS_ENTRE_DISCIPLINAS.pdf,02_MATRIZ_DE_INTERFERENCIAS_ENTRE_DISCIPLINAS.pdf,pdf,10,prancha conceitual em PDF,"usuário iniciante/intermediário, estudante, projetista, consultor ou equipe técnica",criado,Material educacional e preliminar.
03_PRANCHAS_CONCEITUAIS/PDF/03_CHECKLIST_VISUAL_DE_CONFLITOS_COMUNS.pdf,03_CHECKLIST_VISUAL_DE_CONFLITOS_COMUNS.pdf,pdf,10,prancha conceitual em PDF,"usuário iniciante/intermediário, estudante, projetista, consultor ou equipe técnica",criado,Material educacional e preliminar.
03_PRANCHAS_CONCEITUAIS/PDF/04_MAPA_DE_PERGUNTAS_PARA_COMPATIBILIZACAO.pdf,04_MAPA_DE_PERGUNTAS_PARA_COMPATIBILIZACAO.pdf,pdf,10,prancha conceitual em PDF,"usuário iniciante/intermediário, estudante, projetista, consultor ou equipe técnica",criado,Material educacional e preliminar.
03_PRANCHAS_CONCEITUAIS/PDF/05_FLUXO_DE_LEVANTAMENTO_DE_QUANTITATIVOS.pdf,05_FLUXO_DE_LEVANTAMENTO_DE_QUANTITATIVOS.pdf,pdf,11,prancha conceitual em PDF,"usuário iniciante/intermediário, estudante, projetista, consultor ou equipe técnica",criado,Material educacional e preliminar.
03_PRANCHAS_CONCEITUAIS/PDF/06_QUANTIDADE_INFORMADA_ESTIMADA_E_VALIDADA.pdf,06_QUANTIDADE_INFORMADA_ESTIMADA_E_VALIDADA.pdf,pdf,11,prancha conceitual em PDF,"usuário iniciante/intermediário, estudante, projetista, consultor ou equipe técnica",criado,Material educacional e preliminar.
03_PRANCHAS_CONCEITUAIS/PDF/07_MAPA_DE_CRITERIOS_DE_MEDICAO.pdf,07_MAPA_DE_CRITERIOS_DE_MEDICAO.pdf,pdf,11,prancha conceitual em PDF,"usuário iniciante/intermediário, estudante, projetista, consultor ou equipe técnica",criado,Material educacional e preliminar.
03_PRANCHAS_CONCEITUAIS/PDF/08_ESTRUTURA_DE_ORCAMENTO_PRELIMINAR_COM_IA.pdf,08_ESTRUTURA_DE_ORCAMENTO_PRELIMINAR_COM_IA.pdf,pdf,11,prancha conceitual em PDF,"usuário iniciante/intermediário, estudante, projetista, consultor ou equipe técnica",criado,Material educacional e preliminar.
03_PRANCHAS_CONCEITUAIS/PDF/09_FLUXO_DE_CRIACAO_DE_EAP.pdf,09_FLUXO_DE_CRIACAO_DE_EAP.pdf,pdf,12,prancha conceitual em PDF,"usuário iniciante/intermediário, estudante, projetista, consultor ou equipe técnica",criado,Material educacional e preliminar.
03_PRANCHAS_CONCEITUAIS/PDF/10_ATIVIDADES_DEPENDENCIAS_E_MARCOS.pdf,10_ATIVIDADES_DEPENDENCIAS_E_MARCOS.pdf,pdf,12,prancha conceitual em PDF,"usuário iniciante/intermediário, estudante, projetista, consultor ou equipe técnica",criado,Material educacional e preliminar.
03_PRANCHAS_CONCEITUAIS/PDF/11_MAPA_DE_RISCOS_DE_PLANEJAMENTO.pdf,11_MAPA_DE_RISCOS_DE_PLANEJAMENTO.pdf,pdf,12,prancha conceitual em PDF,"usuário iniciante/intermediário, estudante, projetista, consultor ou equipe técnica",criado,Material educacional e preliminar.
03_PRANCHAS_CONCEITUAIS/PDF/12_CRONOGRAMA_PRELIMINAR_LIMITES.pdf,12_CRONOGRAMA_PRELIMINAR_LIMITES.pdf,pdf,12,prancha conceitual em PDF,"usuário iniciante/intermediário, estudante, projetista, consultor ou equipe técnica",criado,Material educacional e preliminar.
03_PRANCHAS_CONCEITUAIS/PDF/13_FLUXO_DE_VISTORIA_ASSISTIDA_POR_IA.pdf,13_FLUXO_DE_VISTORIA_ASSISTIDA_POR_IA.pdf,pdf,13,prancha conceitual em PDF,"usuário iniciante/intermediário, estudante, projetista, consultor ou equipe técnica",criado,Material educacional e preliminar.
03_PRANCHAS_CONCEITUAIS/PDF/14_MAPA_DE_REGISTRO_FOTOGRAFICO_TECNICO.pdf,14_MAPA_DE_REGISTRO_FOTOGRAFICO_TECNICO.pdf,pdf,13,prancha conceitual em PDF,"usuário iniciante/intermediário, estudante, projetista, consultor ou equipe técnica",criado,Material educacional e preliminar.
03_PRANCHAS_CONCEITUAIS/PDF/15_CLASSIFICACAO_PRELIMINAR_DE_ACHADOS.pdf,15_CLASSIFICACAO_PRELIMINAR_DE_ACHADOS.pdf,pdf,13,prancha conceitual em PDF,"usuário iniciante/intermediário, estudante, projetista, consultor ou equipe técnica",criado,Material educacional e preliminar.
03_PRANCHAS_CONCEITUAIS/PDF/16_ESTRUTURA_SEGURA_DE_RELATORIO_PRELIMINAR.pdf,16_ESTRUTURA_SEGURA_DE_RELATORIO_PRELIMINAR.pdf,pdf,13,prancha conceitual em PDF,"usuário iniciante/intermediário, estudante, projetista, consultor ou equipe técnica",criado,Material educacional e preliminar.
03_PRANCHAS_CONCEITUAIS/PDF/17_FLUXO_DE_IDENTIFICACAO_PRELIMINAR_DE_RISCOS.pdf,17_FLUXO_DE_IDENTIFICACAO_PRELIMINAR_DE_RISCOS.pdf,pdf,14,prancha conceitual em PDF,"usuário iniciante/intermediário, estudante, projetista, consultor ou equipe técnica",criado,Material educacional e preliminar.
03_PRANCHAS_CONCEITUAIS/PDF/18_MAPA_VISUAL_DE_EPI_EPC_E_SINALIZACAO.pdf,18_MAPA_VISUAL_DE_EPI_EPC_E_SINALIZACAO.pdf,pdf,14,prancha conceitual em PDF,"usuário iniciante/intermediário, estudante, projetista, consultor ou equipe técnica",criado,Material educacional e preliminar.
03_PRANCHAS_CONCEITUAIS/PDF/19_ESTRUTURA_DE_DDS_COM_APOIO_DE_IA.pdf,19_ESTRUTURA_DE_DDS_COM_APOIO_DE_IA.pdf,pdf,14,prancha conceitual em PDF,"usuário iniciante/intermediário, estudante, projetista, consultor ou equipe técnica",criado,Material educacional e preliminar.
03_PRANCHAS_CONCEITUAIS/PDF/20_LIMITES_DA_IA_EM_SEGURANCA_DO_TRABALHO.pdf,20_LIMITES_DA_IA_EM_SEGURANCA_DO_TRABALHO.pdf,pdf,14,prancha conceitual em PDF,"usuário iniciante/intermediário, estudante, projetista, consultor ou equipe técnica",criado,Material educacional e preliminar.
03_PRANCHAS_CONCEITUAIS/PDF/21_COMO_USAR_IA_EM_OBRAS_COM_SEGURANCA.pdf,21_COMO_USAR_IA_EM_OBRAS_COM_SEGURANCA.pdf,pdf,14,prancha conceitual em PDF,"usuário iniciante/intermediário, estudante, projetista, consultor ou equipe técnica",criado,Material educacional e preliminar.
03_PRANCHAS_CONCEITUAIS/PDF/22_APOIO_DA_IA_X_VALIDACAO_PROFISSIONAL.pdf,22_APOIO_DA_IA_X_VALIDACAO_PROFISSIONAL.pdf,pdf,Geral,prancha conceitual em PDF,"usuário iniciante/intermediário, estudante, projetista, consultor ou equipe técnica",criado,Material educacional e preliminar.
03_PRANCHAS_CONCEITUAIS/PDF/23_FLUXO_GERAL_DOS_MODULOS_IA_10_A_14.pdf,23_FLUXO_GERAL_DOS_MODULOS_IA_10_A_14.pdf,pdf,Geral,prancha conceitual em PDF,"usuário iniciante/intermediário, estudante, projetista, consultor ou equipe técnica",criado,Material educacional e preliminar.
03_PRANCHAS_CONCEITUAIS/PDF/24_JORNADA_DO_USUARIO_NO_PACOTE_COMPLETO.pdf,24_JORNADA_DO_USUARIO_NO_PACOTE_COMPLETO.pdf,pdf,Geral,prancha conceitual em PDF,"usuário iniciante/intermediário, estudante, projetista, consultor ou equipe técnica",criado,Material educacional e preliminar.
03_PRANCHAS_CONCEITUAIS/PNG/01_FLUXO_DE_COMPATIBILIZACAO_TECNICA_COM_IA.png,01_FLUXO_DE_COMPATIBILIZACAO_TECNICA_COM_IA.png,png,10,prancha conceitual em PNG,"usuário iniciante/intermediário, estudante, projetista, consultor ou equipe técnica",criado,Material educacional e preliminar.
03_PRANCHAS_CONCEITUAIS/PNG/02_MATRIZ_DE_INTERFERENCIAS_ENTRE_DISCIPLINAS.png,02_MATRIZ_DE_INTERFERENCIAS_ENTRE_DISCIPLINAS.png,png,10,prancha conceitual em PNG,"usuário iniciante/intermediário, estudante, projetista, consultor ou equipe técnica",criado,Material educacional e preliminar.
03_PRANCHAS_CONCEITUAIS/PNG/03_CHECKLIST_VISUAL_DE_CONFLITOS_COMUNS.png,03_CHECKLIST_VISUAL_DE_CONFLITOS_COMUNS.png,png,10,prancha conceitual em PNG,"usuário iniciante/intermediário, estudante, projetista, consultor ou equipe técnica",criado,Material educacional e preliminar.
03_PRANCHAS_CONCEITUAIS/PNG/04_MAPA_DE_PERGUNTAS_PARA_COMPATIBILIZACAO.png,04_MAPA_DE_PERGUNTAS_PARA_COMPATIBILIZACAO.png,png,10,prancha conceitual em PNG,"usuário iniciante/intermediário, estudante, projetista, consultor ou equipe técnica",criado,Material educacional e preliminar.
03_PRANCHAS_CONCEITUAIS/PNG/05_FLUXO_DE_LEVANTAMENTO_DE_QUANTITATIVOS.png,05_FLUXO_DE_LEVANTAMENTO_DE_QUANTITATIVOS.png,png,11,prancha conceitual em PNG,"usuário iniciante/intermediário, estudante, projetista, consultor ou equipe técnica",criado,Material educacional e preliminar.
03_PRANCHAS_CONCEITUAIS/PNG/06_QUANTIDADE_INFORMADA_ESTIMADA_E_VALIDADA.png,06_QUANTIDADE_INFORMADA_ESTIMADA_E_VALIDADA.png,png,11,prancha conceitual em PNG,"usuário iniciante/intermediário, estudante, projetista, consultor ou equipe técnica",criado,Material educacional e preliminar.
03_PRANCHAS_CONCEITUAIS/PNG/07_MAPA_DE_CRITERIOS_DE_MEDICAO.png,07_MAPA_DE_CRITERIOS_DE_MEDICAO.png,png,11,prancha conceitual em PNG,"usuário iniciante/intermediário, estudante, projetista, consultor ou equipe técnica",criado,Material educacional e preliminar.
03_PRANCHAS_CONCEITUAIS/PNG/08_ESTRUTURA_DE_ORCAMENTO_PRELIMINAR_COM_IA.png,08_ESTRUTURA_DE_ORCAMENTO_PRELIMINAR_COM_IA.png,png,11,prancha conceitual em PNG,"usuário iniciante/intermediário, estudante, projetista, consultor ou equipe técnica",criado,Material educacional e preliminar.
03_PRANCHAS_CONCEITUAIS/PNG/09_FLUXO_DE_CRIACAO_DE_EAP.png,09_FLUXO_DE_CRIACAO_DE_EAP.png,png,12,prancha conceitual em PNG,"usuário iniciante/intermediário, estudante, projetista, consultor ou equipe técnica",criado,Material educacional e preliminar.
03_PRANCHAS_CONCEITUAIS/PNG/10_ATIVIDADES_DEPENDENCIAS_E_MARCOS.png,10_ATIVIDADES_DEPENDENCIAS_E_MARCOS.png,png,12,prancha conceitual em PNG,"usuário iniciante/intermediário, estudante, projetista, consultor ou equipe técnica",criado,Material educacional e preliminar.
03_PRANCHAS_CONCEITUAIS/PNG/11_MAPA_DE_RISCOS_DE_PLANEJAMENTO.png,11_MAPA_DE_RISCOS_DE_PLANEJAMENTO.png,png,12,prancha conceitual em PNG,"usuário iniciante/intermediário, estudante, projetista, consultor ou equipe técnica",criado,Material educacional e preliminar.
03_PRANCHAS_CONCEITUAIS/PNG/12_CRONOGRAMA_PRELIMINAR_LIMITES.png,12_CRONOGRAMA_PRELIMINAR_LIMITES.png,png,12,prancha conceitual em PNG,"usuário iniciante/intermediário, estudante, projetista, consultor ou equipe técnica",criado,Material educacional e preliminar.
03_PRANCHAS_CONCEITUAIS/PNG/13_FLUXO_DE_VISTORIA_ASSISTIDA_POR_IA.png,13_FLUXO_DE_VISTORIA_ASSISTIDA_POR_IA.png,png,13,prancha conceitual em PNG,"usuário iniciante/intermediário, estudante, projetista, consultor ou equipe técnica",criado,Material educacional e preliminar.
03_PRANCHAS_CONCEITUAIS/PNG/14_MAPA_DE_REGISTRO_FOTOGRAFICO_TECNICO.png,14_MAPA_DE_REGISTRO_FOTOGRAFICO_TECNICO.png,png,13,prancha conceitual em PNG,"usuário iniciante/intermediário, estudante, projetista, consultor ou equipe técnica",criado,Material educacional e preliminar.
03_PRANCHAS_CONCEITUAIS/PNG/15_CLASSIFICACAO_PRELIMINAR_DE_ACHADOS.png,15_CLASSIFICACAO_PRELIMINAR_DE_ACHADOS.png,png,13,prancha conceitual em PNG,"usuário iniciante/intermediário, estudante, projetista, consultor ou equipe técnica",criado,Material educacional e preliminar.
03_PRANCHAS_CONCEITUAIS/PNG/16_ESTRUTURA_SEGURA_DE_RELATORIO_PRELIMINAR.png,16_ESTRUTURA_SEGURA_DE_RELATORIO_PRELIMINAR.png,png,13,prancha conceitual em PNG,"usuário iniciante/intermediário, estudante, projetista, consultor ou equipe técnica",criado,Material educacional e preliminar.
03_PRANCHAS_CONCEITUAIS/PNG/17_FLUXO_DE_IDENTIFICACAO_PRELIMINAR_DE_RISCOS.png,17_FLUXO_DE_IDENTIFICACAO_PRELIMINAR_DE_RISCOS.png,png,14,prancha conceitual em PNG,"usuário iniciante/intermediário, estudante, projetista, consultor ou equipe técnica",criado,Material educacional e preliminar.
03_PRANCHAS_CONCEITUAIS/PNG/18_MAPA_VISUAL_DE_EPI_EPC_E_SINALIZACAO.png,18_MAPA_VISUAL_DE_EPI_EPC_E_SINALIZACAO.png,png,14,prancha conceitual em PNG,"usuário iniciante/intermediário, estudante, projetista, consultor ou equipe técnica",criado,Material educacional e preliminar.
03_PRANCHAS_CONCEITUAIS/PNG/19_ESTRUTURA_DE_DDS_COM_APOIO_DE_IA.png,19_ESTRUTURA_DE_DDS_COM_APOIO_DE_IA.png,png,14,prancha conceitual em PNG,"usuário iniciante/intermediário, estudante, projetista, consultor ou equipe técnica",criado,Material educacional e preliminar.
03_PRANCHAS_CONCEITUAIS/PNG/20_LIMITES_DA_IA_EM_SEGURANCA_DO_TRABALHO.png,20_LIMITES_DA_IA_EM_SEGURANCA_DO_TRABALHO.png,png,14,prancha conceitual em PNG,"usuário iniciante/intermediário, estudante, projetista, consultor ou equipe técnica",criado,Material educacional e preliminar.
03_PRANCHAS_CONCEITUAIS/PNG/21_COMO_USAR_IA_EM_OBRAS_COM_SEGURANCA.png,21_COMO_USAR_IA_EM_OBRAS_COM_SEGURANCA.png,png,14,prancha conceitual em PNG,"usuário iniciante/intermediário, estudante, projetista, consultor ou equipe técnica",criado,Material educacional e preliminar.
03_PRANCHAS_CONCEITUAIS/PNG/22_APOIO_DA_IA_X_VALIDACAO_PROFISSIONAL.png,22_APOIO_DA_IA_X_VALIDACAO_PROFISSIONAL.png,png,Geral,prancha conceitual em PNG,"usuário iniciante/intermediário, estudante, projetista, consultor ou equipe técnica",criado,Material educacional e preliminar.
03_PRANCHAS_CONCEITUAIS/PNG/23_FLUXO_GERAL_DOS_MODULOS_IA_10_A_14.png,23_FLUXO_GERAL_DOS_MODULOS_IA_10_A_14.png,png,Geral,prancha conceitual em PNG,"usuário iniciante/intermediário, estudante, projetista, consultor ou equipe técnica",criado,Material educacional e preliminar.
03_PRANCHAS_CONCEITUAIS/PNG/24_JORNADA_DO_USUARIO_NO_PACOTE_COMPLETO.png,24_JORNADA_DO_USUARIO_NO_PACOTE_COMPLETO.png,png,Geral,prancha conceitual em PNG,"usuário iniciante/intermediário, estudante, projetista, consultor ou equipe técnica",criado,Material educacional e preliminar.
03_PRANCHAS_CONCEITUAIS/SVG/01_FLUXO_DE_COMPATIBILIZACAO_TECNICA_COM_IA.svg,01_FLUXO_DE_COMPATIBILIZACAO_TECNICA_COM_IA.svg,svg,10,fonte vetorial editável,"usuário iniciante/intermediário, estudante, projetista, consultor ou equipe técnica",criado,Material educacional e preliminar.
03_PRANCHAS_CONCEITUAIS/SVG/02_MATRIZ_DE_INTERFERENCIAS_ENTRE_DISCIPLINAS.svg,02_MATRIZ_DE_INTERFERENCIAS_ENTRE_DISCIPLINAS.svg,svg,10,fonte vetorial editável,"usuário iniciante/intermediário, estudante, projetista, consultor ou equipe técnica",criado,Material educacional e preliminar.
03_PRANCHAS_CONCEITUAIS/SVG/03_CHECKLIST_VISUAL_DE_CONFLITOS_COMUNS.svg,03_CHECKLIST_VISUAL_DE_CONFLITOS_COMUNS.svg,svg,10,fonte vetorial editável,"usuário iniciante/intermediário, estudante, projetista, consultor ou equipe técnica",criado,Material educacional e preliminar.
03_PRANCHAS_CONCEITUAIS/SVG/04_MAPA_DE_PERGUNTAS_PARA_COMPATIBILIZACAO.svg,04_MAPA_DE_PERGUNTAS_PARA_COMPATIBILIZACAO.svg,svg,10,fonte vetorial editável,"usuário iniciante/intermediário, estudante, projetista, consultor ou equipe técnica",criado,Material educacional e preliminar.
03_PRANCHAS_CONCEITUAIS/SVG/05_FLUXO_DE_LEVANTAMENTO_DE_QUANTITATIVOS.svg,05_FLUXO_DE_LEVANTAMENTO_DE_QUANTITATIVOS.svg,svg,11,fonte vetorial editável,"usuário iniciante/intermediário, estudante, projetista, consultor ou equipe técnica",criado,Material educacional e preliminar.
03_PRANCHAS_CONCEITUAIS/SVG/06_QUANTIDADE_INFORMADA_ESTIMADA_E_VALIDADA.svg,06_QUANTIDADE_INFORMADA_ESTIMADA_E_VALIDADA.svg,svg,11,fonte vetorial editável,"usuário iniciante/intermediário, estudante, projetista, consultor ou equipe técnica",criado,Material educacional e preliminar.
03_PRANCHAS_CONCEITUAIS/SVG/07_MAPA_DE_CRITERIOS_DE_MEDICAO.svg,07_MAPA_DE_CRITERIOS_DE_MEDICAO.svg,svg,11,fonte vetorial editável,"usuário iniciante/intermediário, estudante, projetista, consultor ou equipe técnica",criado,Material educacional e preliminar.
03_PRANCHAS_CONCEITUAIS/SVG/08_ESTRUTURA_DE_ORCAMENTO_PRELIMINAR_COM_IA.svg,08_ESTRUTURA_DE_ORCAMENTO_PRELIMINAR_COM_IA.svg,svg,11,fonte vetorial editável,"usuário iniciante/intermediário, estudante, projetista, consultor ou equipe técnica",criado,Material educacional e preliminar.
03_PRANCHAS_CONCEITUAIS/SVG/09_FLUXO_DE_CRIACAO_DE_EAP.svg,09_FLUXO_DE_CRIACAO_DE_EAP.svg,svg,12,fonte vetorial editável,"usuário iniciante/intermediário, estudante, projetista, consultor ou equipe técnica",criado,Material educacional e preliminar.
03_PRANCHAS_CONCEITUAIS/SVG/10_ATIVIDADES_DEPENDENCIAS_E_MARCOS.svg,10_ATIVIDADES_DEPENDENCIAS_E_MARCOS.svg,svg,12,fonte vetorial editável,"usuário iniciante/intermediário, estudante, projetista, consultor ou equipe técnica",criado,Material educacional e preliminar.
03_PRANCHAS_CONCEITUAIS/SVG/11_MAPA_DE_RISCOS_DE_PLANEJAMENTO.svg,11_MAPA_DE_RISCOS_DE_PLANEJAMENTO.svg,svg,12,fonte vetorial editável,"usuário iniciante/intermediário, estudante, projetista, consultor ou equipe técnica",criado,Material educacional e preliminar.
03_PRANCHAS_CONCEITUAIS/SVG/12_CRONOGRAMA_PRELIMINAR_LIMITES.svg,12_CRONOGRAMA_PRELIMINAR_LIMITES.svg,svg,12,fonte vetorial editável,"usuário iniciante/intermediário, estudante, projetista, consultor ou equipe técnica",criado,Material educacional e preliminar.
03_PRANCHAS_CONCEITUAIS/SVG/13_FLUXO_DE_VISTORIA_ASSISTIDA_POR_IA.svg,13_FLUXO_DE_VISTORIA_ASSISTIDA_POR_IA.svg,svg,13,fonte vetorial editável,"usuário iniciante/intermediário, estudante, projetista, consultor ou equipe técnica",criado,Material educacional e preliminar.
03_PRANCHAS_CONCEITUAIS/SVG/14_MAPA_DE_REGISTRO_FOTOGRAFICO_TECNICO.svg,14_MAPA_DE_REGISTRO_FOTOGRAFICO_TECNICO.svg,svg,13,fonte vetorial editável,"usuário iniciante/intermediário, estudante, projetista, consultor ou equipe técnica",criado,Material educacional e preliminar.
03_PRANCHAS_CONCEITUAIS/SVG/15_CLASSIFICACAO_PRELIMINAR_DE_ACHADOS.svg,15_CLASSIFICACAO_PRELIMINAR_DE_ACHADOS.svg,svg,13,fonte vetorial editável,"usuário iniciante/intermediário, estudante, projetista, consultor ou equipe técnica",criado,Material educacional e preliminar.
03_PRANCHAS_CONCEITUAIS/SVG/16_ESTRUTURA_SEGURA_DE_RELATORIO_PRELIMINAR.svg,16_ESTRUTURA_SEGURA_DE_RELATORIO_PRELIMINAR.svg,svg,13,fonte vetorial editável,"usuário iniciante/intermediário, estudante, projetista, consultor ou equipe técnica",criado,Material educacional e preliminar.
03_PRANCHAS_CONCEITUAIS/SVG/17_FLUXO_DE_IDENTIFICACAO_PRELIMINAR_DE_RISCOS.svg,17_FLUXO_DE_IDENTIFICACAO_PRELIMINAR_DE_RISCOS.svg,svg,14,fonte vetorial editável,"usuário iniciante/intermediário, estudante, projetista, consultor ou equipe técnica",criado,Material educacional e preliminar.
03_PRANCHAS_CONCEITUAIS/SVG/18_MAPA_VISUAL_DE_EPI_EPC_E_SINALIZACAO.svg,18_MAPA_VISUAL_DE_EPI_EPC_E_SINALIZACAO.svg,svg,14,fonte vetorial editável,"usuário iniciante/intermediário, estudante, projetista, consultor ou equipe técnica",criado,Material educacional e preliminar.
03_PRANCHAS_CONCEITUAIS/SVG/19_ESTRUTURA_DE_DDS_COM_APOIO_DE_IA.svg,19_ESTRUTURA_DE_DDS_COM_APOIO_DE_IA.svg,svg,14,fonte vetorial editável,"usuário iniciante/intermediário, estudante, projetista, consultor ou equipe técnica",criado,Material educacional e preliminar.
03_PRANCHAS_CONCEITUAIS/SVG/20_LIMITES_DA_IA_EM_SEGURANCA_DO_TRABALHO.svg,20_LIMITES_DA_IA_EM_SEGURANCA_DO_TRABALHO.svg,svg,14,fonte vetorial editável,"usuário iniciante/intermediário, estudante, projetista, consultor ou equipe técnica",criado,Material educacional e preliminar.
03_PRANCHAS_CONCEITUAIS/SVG/21_COMO_USAR_IA_EM_OBRAS_COM_SEGURANCA.svg,21_COMO_USAR_IA_EM_OBRAS_COM_SEGURANCA.svg,svg,14,fonte vetorial editável,"usuário iniciante/intermediário, estudante, projetista, consultor ou equipe técnica",criado,Material educacional e preliminar.
03_PRANCHAS_CONCEITUAIS/SVG/22_APOIO_DA_IA_X_VALIDACAO_PROFISSIONAL.svg,22_APOIO_DA_IA_X_VALIDACAO_PROFISSIONAL.svg,svg,Geral,fonte vetorial editável,"usuário iniciante/intermediário, estudante, projetista, consultor ou equipe técnica",criado,Material educacional e preliminar.
03_PRANCHAS_CONCEITUAIS/SVG/23_FLUXO_GERAL_DOS_MODULOS_IA_10_A_14.svg,23_FLUXO_GERAL_DOS_MODULOS_IA_10_A_14.svg,svg,Geral,fonte vetorial editável,"usuário iniciante/intermediário, estudante, projetista, consultor ou equipe técnica",criado,Material educacional e preliminar.
03_PRANCHAS_CONCEITUAIS/SVG/24_JORNADA_DO_USUARIO_NO_PACOTE_COMPLETO.svg,24_JORNADA_DO_USUARIO_NO_PACOTE_COMPLETO.svg,svg,Geral,fonte vetorial editável,"usuário iniciante/intermediário, estudante, projetista, consultor ou equipe técnica",criado,Material educacional e preliminar.
04_GUIA_DE_USO_DA_EXPANSAO/GUIA_DE_USO_EXPANSAO_PREMIUM.md,GUIA_DE_USO_EXPANSAO_PREMIUM.md,md,Geral,"fonte textual, guia ou relatório","usuário iniciante/intermediário, estudante, projetista, consultor ou equipe técnica",criado,Material educacional e preliminar.
04_GUIA_DE_USO_DA_EXPANSAO/GUIA_DE_USO_EXPANSAO_PREMIUM.pdf,GUIA_DE_USO_EXPANSAO_PREMIUM.pdf,pdf,Geral,guia diagramado em PDF,"usuário iniciante/intermediário, estudante, projetista, consultor ou equipe técnica",criado,Material educacional e preliminar.
05_ARQUIVOS_FONTE_EDITAVEIS/GUIAS_MD/GUIA_COMPATIBILIZACAO_TECNICA_COM_IA.md,GUIA_COMPATIBILIZACAO_TECNICA_COM_IA.md,md,10,"fonte textual, guia ou relatório","usuário iniciante/intermediário, estudante, projetista, consultor ou equipe técnica",criado,Material educacional e preliminar.
05_ARQUIVOS_FONTE_EDITAVEIS/GUIAS_MD/GUIA_DE_USO_EXPANSAO_PREMIUM_FONTE.md,GUIA_DE_USO_EXPANSAO_PREMIUM_FONTE.md,md,Geral,"fonte textual, guia ou relatório","usuário iniciante/intermediário, estudante, projetista, consultor ou equipe técnica",criado,Material educacional e preliminar.
05_ARQUIVOS_FONTE_EDITAVEIS/GUIAS_MD/GUIA_GERAL_MODULOS_IA_10_A_14.md,GUIA_GERAL_MODULOS_IA_10_A_14.md,md,Geral,"fonte textual, guia ou relatório","usuário iniciante/intermediário, estudante, projetista, consultor ou equipe técnica",criado,Material educacional e preliminar.
05_ARQUIVOS_FONTE_EDITAVEIS/GUIAS_MD/GUIA_ORCAMENTO_E_QUANTITATIVOS_COM_IA.md,GUIA_ORCAMENTO_E_QUANTITATIVOS_COM_IA.md,md,11,"fonte textual, guia ou relatório","usuário iniciante/intermediário, estudante, projetista, consultor ou equipe técnica",criado,Material educacional e preliminar.
05_ARQUIVOS_FONTE_EDITAVEIS/GUIAS_MD/GUIA_PLANEJAMENTO_DE_OBRA_COM_IA.md,GUIA_PLANEJAMENTO_DE_OBRA_COM_IA.md,md,12,"fonte textual, guia ou relatório","usuário iniciante/intermediário, estudante, projetista, consultor ou equipe técnica",criado,Material educacional e preliminar.
05_ARQUIVOS_FONTE_EDITAVEIS/GUIAS_MD/GUIA_SEGURANCA_DO_TRABALHO_EM_OBRAS_COM_IA.md,GUIA_SEGURANCA_DO_TRABALHO_EM_OBRAS_COM_IA.md,md,14,"fonte textual, guia ou relatório","usuário iniciante/intermediário, estudante, projetista, consultor ou equipe técnica",criado,Material educacional e preliminar.
05_ARQUIVOS_FONTE_EDITAVEIS/GUIAS_MD/GUIA_VISTORIAS_E_RELATORIOS_TECNICOS_COM_IA.md,GUIA_VISTORIAS_E_RELATORIOS_TECNICOS_COM_IA.md,md,13,"fonte textual, guia ou relatório","usuário iniciante/intermediário, estudante, projetista, consultor ou equipe técnica",criado,Material educacional e preliminar.
05_ARQUIVOS_FONTE_EDITAVEIS/MODELOS_CSV/ATIVIDADES_PLANEJAMENTO_MODELO.csv,ATIVIDADES_PLANEJAMENTO_MODELO.csv,csv,12,inventário ou aba principal em CSV,"usuário iniciante/intermediário, estudante, projetista, consultor ou equipe técnica",criado,Material educacional e preliminar.
05_ARQUIVOS_FONTE_EDITAVEIS/MODELOS_CSV/PENDENCIAS_GERAIS_MODELO.csv,PENDENCIAS_GERAIS_MODELO.csv,csv,Geral,inventário ou aba principal em CSV,"usuário iniciante/intermediário, estudante, projetista, consultor ou equipe técnica",criado,Material educacional e preliminar.
05_ARQUIVOS_FONTE_EDITAVEIS/MODELOS_CSV/QUANTITATIVOS_MODELO.csv,QUANTITATIVOS_MODELO.csv,csv,11,inventário ou aba principal em CSV,"usuário iniciante/intermediário, estudante, projetista, consultor ou equipe técnica",criado,Material educacional e preliminar.
05_ARQUIVOS_FONTE_EDITAVEIS/MODELOS_CSV/REGISTROS_DE_CAMPO_MODELO.csv,REGISTROS_DE_CAMPO_MODELO.csv,csv,13,inventário ou aba principal em CSV,"usuário iniciante/intermediário, estudante, projetista, consultor ou equipe técnica",criado,Material educacional e preliminar.
05_ARQUIVOS_FONTE_EDITAVEIS/PRANCHAS_JSON/pranchas_conceituais_fonte.json,pranchas_conceituais_fonte.json,json,Geral,material de expansão premium,"usuário iniciante/intermediário, estudante, projetista, consultor ou equipe técnica",criado,Material educacional e preliminar.
05_ARQUIVOS_FONTE_EDITAVEIS/README_ARQUIVOS_FONTE.md,README_ARQUIVOS_FONTE.md,md,Geral,"fonte textual, guia ou relatório","usuário iniciante/intermediário, estudante, projetista, consultor ou equipe técnica",criado,Material educacional e preliminar.
README_EXPANSAO_PREMIUM.md,README_EXPANSAO_PREMIUM.md,md,Geral,"fonte textual, guia ou relatório","usuário iniciante/intermediário, estudante, projetista, consultor ou equipe técnica",criado,Material educacional e preliminar.
